simulation_no.,personality,agent_1_list,agent_2_list,agent_3_list,group_list,turn_takings
1,High_extra_1,"[2 litres of water per person, First-aid kit, Plastic raincoat (large size), Air map of the area, Magnetic compass, Torch with 4 battery-cells, Sunglasses (for everyone), 45 calibre pistol (loaded), A book entitled 'Desert Animals That Can Be Eaten', Overcoat (for everyone), 2 litres of 180 proof liquor, Parachute (red & white), Bottle of 1000 salt tablets, Cosmetic mirror, Folding knife] ranking_complete.","[2 litres of water per person, First-aid kit, Air map of the area, Magnetic compass, Torch with 4 battery-cells, Folding knife, Sunglasses (for everyone), Plastic raincoat (large size), A book entitled 'Desert Animals That Can Be Eaten', Overcoat (for everyone), 45 calibre pistol (loaded), 2 litres of 180 proof liquor, Parachute (red & white), Bottle of 1000 salt tablets, A cosmetic mirror] ranking_complete.","[2 litres of water per person, First-aid kit, Air map of the area, Magnetic compass, Torch with 4 battery-cells, Sunglasses (for everyone), Overcoat (for everyone), Plastic raincoat (large size), A book entitled 'Desert Animals That Can Be Eaten', 45 calibre pistol (loaded), 2 litres of 180 proof liquor, Parachute (red & white), Bottle of 1000 salt tablets, Folding knife, A cosmetic mirror] ranking_complete.","This is our final list: [2 litres of water per person, Air map of the area, Sunglasses (for everyone), Plastic raincoat (large size), First-aid kit, Torch with 4 battery-cells, Folding knife, Magnetic compass, Bottle of 1000 salt tablets, 45 calibre pistol (loaded), Parachute (red & white), Cosmetic mirror, 2 litres of 180 proof liquor, Overcoat (for everyone)] ",26
2,High_open_1,"[2 litres of water per person, First-aid kit, Air map of the area, Magnetic compass, Sunglasses (for everyone), Plastic raincoat (large size), Torch with 4 battery-cells, Overcoat (for everyone), A book entitled 'Desert Animals That Can Be Eaten', 45 calibre pistol (loaded), 2 litres of 180 proof liquor, Parachute (red & white), Bottle of 1000 salt tablets, Cosmetic mirror, Folding knife] ranking_complete.","[Torch with 4 battery-cells, Air map of the area, Magnetic compass, First-aid kit, 2 litres of water per person, Sunglasses (for everyone), Bottle of 1000 salt tablets, Folding knife, Overcoat (for everyone), 45 calibre pistol (loaded), Plastic raincoat (large size), A book entitled 'Desert Animals That Can Be Eaten', 2 litres of 180 proof liquor, Parachute (red & white), A cosmetic mirror] ranking_complete.","[2 litres of water per person, First-aid kit, Air map of the area, Magnetic compass, Torch with 4 battery-cells, Sunglasses (for everyone), Overcoat (for everyone), Plastic raincoat (large size), A book entitled 'Desert Animals That Can Be Eaten', 45 calibre pistol (loaded), Parachute (red & white), Bottle of 1000 salt tablets, 2 litres of 180 proof liquor, Cosmetic mirror, Folding knife] ranking_complete.","This is our final list: [2 litres of water per person, First-aid kit, Magnetic compass, Air map of the area, Folding knife, Plastic raincoat (large size), Sunglasses (for everyone), A book entitled 'Desert Animals That Can Be Eaten', Cosmetic mirror, Torch with 4 battery-cells, 45 calibre pistol (loaded), Parachute (red & white), Bottle of 1000 salt tablets, Overcoat (for everyone), 2 litres of 180 proof liquor] ",7
3,High_agree_1,"[2 litres of water per person, First-aid kit, Air map of the area, Magnetic compass, Folding knife, Torch with 4 battery-cells, Sunglasses (for everyone), Plastic raincoat (large size), Overcoat (for everyone), A book entitled 'Desert Animals That Can Be Eaten', 45 calibre pistol (loaded), 2 litres of 180 proof liquor, Parachute (red & white), Bottle of 1000 salt tablets, A cosmetic mirror] ranking_complete.","[2 litres of water per person, First-aid kit, Air map of the area, Sunglasses (for everyone), Folding knife, Magnetic compass, Plastic raincoat (large size), Torch with 4 battery-cells, 45 calibre pistol (loaded), A book entitled 'Desert Animals That Can Be Eaten', Overcoat (for everyone), 2 litres of 180 proof liquor, Parachute (red & white), Bottle of 1000 salt tablets, A cosmetic mirror] ranking_complete.","[2 litres of water per person, First-aid kit, Folding knife, Air map of the area, Magnetic compass, Sunglasses (for everyone), Plastic raincoat (large size), 45 calibre pistol (loaded), A book entitled 'Desert Animals That Can Be Eaten', 2 litres of 180 proof liquor, Overcoat (for everyone), Torch with 4 battery-cells, Parachute (red & white), Bottle of 1000 salt tablets, A cosmetic mirror] ranking_complete.","This is our final list: [2 litres of water per person, First-aid kit, Air map of the area, Magnetic compass, Folding knife, Plastic raincoat (large size), Sunglasses (for everyone), A book entitled 'Desert Animals That Can Be Eaten', Torch with 4 battery-cells, Overcoat (for everyone), 45 calibre pistol (loaded), Bottle of 1000 salt tablets, 2 litres of 180 proof liquor, Parachute (red & white)] ",12
4,High_consc_1,"[2 litres of water per person, First-aid kit, Air map of the area, Magnetic compass, Sunglasses (for everyone), Plastic raincoat (large size), Folding knife, 45 calibre pistol (loaded), A book entitled 'Desert Animals That Can Be Eaten', Overcoat (for everyone), 2 litres of 180 proof liquor, Torch with 4 battery-cells, Parachute (red & white), Bottle of 1000 salt tablets, A cosmetic mirror] ranking_complete.","[2 litres of water per person, First-aid kit, Air map of the area, Magnetic compass, 45 calibre pistol (loaded), Torch with 4 battery-cells, Folding knife, Sunglasses (for everyone), Plastic raincoat (large size), 2 litres of 180 proof liquor, Overcoat (for everyone), A book entitled 'Desert Animals That Can Be Eaten', A cosmetic mirror, Bottle of 1000 salt tablets, Parachute (red & white)] ranking_complete.","[2 litres of water per person, First-aid kit, Air map of the area, Magnetic compass, Torch with 4 battery-cells, Sunglasses (for everyone), Plastic raincoat (large size), Overcoat (for everyone), A book entitled 'Desert Animals That Can Be Eaten', 45 calibre pistol (loaded), Bottle of 1000 salt tablets, Parachute (red & white), 2 litres of 180 proof liquor, Folding knife, A cosmetic mirror] ranking_complete.","This is our final list: [2 litres of water per person, First-aid kit, Air map of the area, Magnetic compass, Folding knife, Plastic raincoat (large size), Sunglasses (for everyone), Torch with 4 battery-cells, Bottle of 1000 salt tablets, A book entitled 'Desert Animals That Can Be Eaten', Overcoat (for everyone), 45 calibre pistol (loaded), Parachute (red & white), 2 litres of 180 proof liquor, A cosmetic mirror] ",7
5,Low_neuro_1,"[2 litres of water per person, First-aid kit, Air map of the area, Magnetic compass, Sunglasses (for everyone), Plastic raincoat (large size), 45 calibre pistol (loaded), Torch with 4 battery-cells, Folding knife, A book entitled 'Desert Animals That Can Be Eaten', Overcoat (for everyone), Bottle of 1000 salt tablets, Parachute (red & white), 2 litres of 180 proof liquor, A cosmetic mirror] ranking_complete.","[2 litres of water per person, First-aid kit, Air map of the area, Magnetic compass, Torch with 4 battery-cells, Sunglasses (for everyone), Plastic raincoat (large size), 45 calibre pistol (loaded), Overcoat (for everyone), A book entitled 'Desert Animals That Can Be Eaten', Bottle of 1000 salt tablets, Parachute (red & white), 2 litres of 180 proof liquor, Folding knife, A cosmetic mirror] ranking_complete.","[2 litres of water per person, First-aid kit, Air map of the area, Magnetic compass, Sunglasses (for everyone), Folding knife, Plastic raincoat (large size), 45 calibre pistol (loaded), Torch with 4 battery-cells, Bottle of 1000 salt tablets, A book entitled 'Desert Animals That Can Be Eaten', Overcoat (for everyone), 2 litres of 180 proof liquor, Parachute (red & white), A cosmetic mirror] ranking_complete.","This is our final list: [2 litres of water per person, First-aid kit, Air map of the area, Magnetic compass, Torch with 4 battery-cells, Overcoat (for everyone), Plastic raincoat (large size), Sunglasses (for everyone), Folding knife, Bottle of 1000 salt tablets, A book entitled 'Desert Animals That Can Be Eaten', Parachute (red & white), 45 calibre pistol (loaded), 2 litres of 180 proof liquor, A cosmetic mirror] ",7
6,Low_extra_1,"[2 litres of water per person, First-aid kit, Air map of the area, Sunglasses (for everyone), Folding knife, Magnetic compass, Torch with 4 battery-cells, Overcoat (for everyone), Bottle of 1000 salt tablets, Plastic raincoat (large size), 45 calibre pistol (loaded), 2 litres of 180 proof liquor, Parachute (red & white), A book entitled 'Desert Animals That Can Be Eaten', A cosmetic mirror] ranking_complete.","[2 litres of water per person, First-aid kit, Air map of the area, Magnetic compass, Sunglasses (for everyone), Torch with 4 battery-cells, Folding knife, Plastic raincoat (large size), 45 calibre pistol (loaded), A book entitled 'Desert Animals That Can Be Eaten', Overcoat (for everyone), 2 litres of 180 proof liquor, Parachute (red & white), Cosmetic mirror, Bottle of 1000 salt tablets] ranking_complete.","[2 litres of water per person, First-aid kit, Air map of the area, Magnetic compass, Sunglasses (for everyone), Torch with 4 battery-cells, Plastic raincoat (large size), Folding knife, A book entitled 'Desert Animals That Can Be Eaten', 45 calibre pistol (loaded), 2 litres of 180 proof liquor, Overcoat (for everyone), Parachute (red & white), Bottle of 1000 salt tablets, A cosmetic mirror] ranking_complete.","This is our final list: [2 litres of water per person, First-aid kit, Air map of the area, Sunglasses (for everyone), Folding knife, Magnetic compass, Bottle of 1000 salt tablets, Plastic raincoat (large size), Torch with 4 battery-cells, Overcoat (for everyone), 45 calibre pistol (loaded), Parachute (red & white), A book entitled 'Desert Animals That Can Be Eaten', 2 litres of 180 proof liquor, A cosmetic mirror] ",6
7,Low_open_1,"[2 litres of water per person, First-aid kit, Air map of the area, Magnetic compass, Folding knife, 45 calibre pistol (loaded), Plastic raincoat (large size), Sunglasses (for everyone), A book entitled 'Desert Animals That Can Be Eaten', 2 litres of 180 proof liquor, Overcoat (for everyone), Torch with 4 battery-cells, Parachute (red & white), Bottle of 1000 salt tablets, A cosmetic mirror] ranking_complete.","[2 litres of water per person, First-aid kit, Air map of the area, Magnetic compass, Torch with 4 battery-cells, Folding knife, Sunglasses (for everyone), Overcoat (for everyone), Plastic raincoat (large size), A book entitled 'Desert Animals That Can Be Eaten', 45 calibre pistol (loaded), 2 litres of 180 proof liquor, Parachute (red & white), Bottle of 1000 salt tablets, A cosmetic mirror] ranking_complete.","[2 litres of water per person, First-aid kit, Air map of the area, Magnetic compass, Folding knife, Sunglasses (for everyone), Plastic raincoat (large size), 45 calibre pistol (loaded), A book entitled 'Desert Animals That Can Be Eaten', 2 litres of 180 proof liquor, Overcoat (for everyone), Torch with 4 battery-cells, Parachute (red & white), Bottle of 1000 salt tablets, Cosmetic mirror] ranking_complete.","This is our final list: [2 litres of water per person, First-aid kit, Plastic raincoat (large size), Folding knife, Air map of the area, Magnetic compass, Sunglasses (for everyone), Torch with 4 battery-cells, A book entitled 'Desert Animals That Can Be Eaten', A cosmetic mirror, Parachute (red & white), Overcoat (for everyone), Bottle of 1000 salt tablets, 45 calibre pistol (loaded), 2 litres of 180 proof liquor] ",9
8,Low_agree_1,"[2 litres of water per person, First-aid kit, Air map of the area, Magnetic compass, Bottle of 1000 salt tablets, Torch with 4 battery-cells, Folding knife, Sunglasses (for everyone), Overcoat (for everyone), Parachute (red & white), 45 calibre pistol (loaded), A book entitled 'Desert Animals That Can Be Eaten', Plastic raincoat (large size), 2 litres of 180 proof liquor, A cosmetic mirror] ranking_complete.","[2 litres of water per person, First-aid kit, Air map of the area, Magnetic compass, Torch with 4 battery-cells, Folding knife, Sunglasses (for everyone), Overcoat (for everyone), Plastic raincoat (large size), A book entitled 'Desert Animals That Can Be Eaten', 45 calibre pistol (loaded), 2 litres of 180 proof liquor, Parachute (red & white), Bottle of 1000 salt tablets, A cosmetic mirror] ranking_complete.","[2 litres of water per person, First-aid kit, Air map of the area, Magnetic compass, Torch with 4 battery-cells, Sunglasses (for everyone), Folding knife, Plastic raincoat (large size), 45 calibre pistol (loaded), A book entitled 'Desert Animals That Can Be Eaten', 2 litres of 180 proof liquor, Overcoat (for everyone), Bottle of 1000 salt tablets, Parachute (red & white), A cosmetic mirror] ranking_complete.","This is our final list: [2 litres of water per person, First-aid kit, Air map of the area, Magnetic compass, Folding knife, Sunglasses (for everyone), Plastic raincoat (large size), Torch with 4 battery-cells, Bottle of 1000 salt tablets, Parachute (red & white), 45 calibre pistol (loaded), A book entitled 'Desert Animals That Can Be Eaten', Overcoat (for everyone), 2 litres of 180 proof liquor, A cosmetic mirror] ",7
9,Low_consc_1,"[2 litres of water per person, First-aid kit, Air map of the area, Magnetic compass, Folding knife, Sunglasses (for everyone), Plastic raincoat (large size), Torch with 4 battery-cells, 45 calibre pistol (loaded), A book entitled 'Desert Animals That Can Be Eaten', Overcoat (for everyone), Parachute (red & white), 2 litres of 180 proof liquor, Bottle of 1000 salt tablets, A cosmetic mirror] ranking_complete.","[2 litres of water per person, First-aid kit, Air map of the area, Magnetic compass, Sunglasses (for everyone), Torch with 4 battery-cells, Folding knife, Plastic raincoat (large size), 45 calibre pistol (loaded), A book entitled 'Desert Animals That Can Be Eaten', Overcoat (for everyone), 2 litres of 180 proof liquor, Parachute (red & white), Cosmetic mirror, Bottle of 1000 salt tablets] ranking_complete.","[2 litres of water per person, First-aid kit, Air map of the area, Magnetic compass, Torch with 4 battery-cells, Folding knife, Sunglasses (for everyone), Overcoat (for everyone), Plastic raincoat (large size), A book entitled 'Desert Animals That Can Be Eaten', 45 calibre pistol (loaded), Parachute (red & white), 2 litres of 180 proof liquor, Bottle of 1000 salt tablets, A cosmetic mirror] ranking_complete.","This is our final list: [2 litres of water per person, First-aid kit, Air map of the area, Magnetic compass, Plastic raincoat (large size), Sunglasses (for everyone), Folding knife, Torch with 4 battery-cells, Bottle of 1000 salt tablets, 45 calibre pistol (loaded), A cosmetic mirror, Parachute (red & white), Overcoat (for everyone), 2 litres of 180 proof liquor] ",12
10,High_neuro_1,"[2 litres of water per person, First-aid kit, Air map of the area, Magnetic compass, Sunglasses (for everyone), Torch with 4 battery-cells, Folding knife, 45 calibre pistol (loaded), Plastic raincoat (large size), A book entitled 'Desert Animals That Can Be Eaten', Overcoat (for everyone), 2 litres of 180 proof liquor, Parachute (red & white), Bottle of 1000 salt tablets, A cosmetic mirror] ranking_complete.","[2 litres of water per person, First-aid kit, Air map of the area, Magnetic compass, Folding knife, Sunglasses (for everyone), Plastic raincoat (large size), Torch with 4 battery-cells, 45 calibre pistol (loaded), A book entitled 'Desert Animals That Can Be Eaten', Overcoat (for everyone), 2 litres of 180 proof liquor, Parachute (red & white), Bottle of 1000 salt tablets, A cosmetic mirror] ranking_complete.","[2 litres of water per person, First-aid kit, Air map of the area, Magnetic compass, Folding knife, Torch with 4 battery-cells, Sunglasses (for everyone), Plastic raincoat (large size), 45 calibre pistol (loaded), A book entitled 'Desert Animals That Can Be Eaten', 2 litres of 180 proof liquor, Overcoat (for everyone), Parachute (red & white), Bottle of 1000 salt tablets, A cosmetic mirror] ranking_complete.","This is our final list: [2 litres of water per person, First-aid kit, Air map of the area, Magnetic compass, Torch with 4 battery-cells, Folding knife, Sunglasses (for everyone), A book entitled 'Desert Animals That Can Be Eaten', Plastic raincoat (large size), 45 calibre pistol (loaded), Bottle of 1000 salt tablets, Parachute (red & white), Overcoat (for everyone), 2 litres of 180 proof liquor, A cosmetic mirror] ",8
11,High_extra_1,"[2 litres of water per person, First-aid kit, Air map of the area, Magnetic compass, Torch with 4 battery-cells, Sunglasses (for everyone), Overcoat (for everyone), Plastic raincoat (large size), A book entitled 'Desert Animals That Can Be Eaten', 45 calibre pistol (loaded), 2 litres of 180 proof liquor, Parachute (red & white), Bottle of 1000 salt tablets, Folding knife, A cosmetic mirror] ranking_complete.","[First-aid kit, 2 litres of water per person, Air map of the area, Magnetic compass, Folding knife, Torch with 4 battery-cells, Sunglasses (for everyone), A book entitled 'Desert Animals That Can Be Eaten', Overcoat (for everyone), Plastic raincoat (large size), 45 calibre pistol (loaded), 2 litres of 180 proof liquor, Parachute (red & white), Bottle of 1000 salt tablets, A cosmetic mirror] ranking_complete.","[2 litres of water per person, First-aid kit, Air map of the area, Magnetic compass, Sunglasses (for everyone), Torch with 4 battery-cells, Overcoat (for everyone), Plastic raincoat (large size), A book entitled 'Desert Animals That Can Be Eaten', 45 calibre pistol (loaded), 2 litres of 180 proof liquor, Parachute (red & white), Bottle of 1000 salt tablets, Folding knife, A cosmetic mirror] ranking_complete.","This is our final list: [2 litres of water per person, First-aid kit, Folding knife, Magnetic compass, Air map of the area, Torch with 4 battery-cells, Plastic raincoat (large size), Sunglasses (for everyone), Bottle of 1000 salt tablets, A book entitled 'Desert Animals That Can Be Eaten', 45 calibre pistol (loaded), Parachute (red & white), Overcoat (for everyone), A cosmetic mirror, 2 litres of 180 proof liquor] ",7
12,High_open_1,"[2 litres of water per person, First-aid kit, Air map of the area, Magnetic compass, Sunglasses (for everyone), Torch with 4 battery-cells, Overcoat (for everyone), Bottle of 1000 salt tablets, Folding knife, A book entitled 'Desert Animals That Can Be Eaten', Parachute (red & white), 45 calibre pistol (loaded), 2 litres of 180 proof liquor, Plastic raincoat (large size), A cosmetic mirror] ranking_complete.","[2 litres of water per person, First-aid kit, Air map of the area, Magnetic compass, 45 calibre pistol (loaded), Folding knife, Torch with 4 battery-cells, Sunglasses (for everyone), Plastic raincoat (large size), A book entitled 'Desert Animals That Can Be Eaten', Cosmetic mirror, Overcoat (for everyone), 2 litres of 180 proof liquor, Parachute (red & white), Bottle of 1000 salt tablets] ranking_complete.","[2 litres of water per person, First-aid kit, Air map of the area, Magnetic compass, Torch with 4 battery-cells, Plastic raincoat (large size), Sunglasses (for everyone), Folding knife, A book entitled 'Desert Animals That Can Be Eaten', 45 calibre pistol (loaded), Parachute (red & white), 2 litres of 180 proof liquor, Overcoat (for everyone), Bottle of 1000 salt tablets, A cosmetic mirror] ranking_complete.","This is our final list: [2 litres of water per person, First-aid kit, Air map of the area, Magnetic compass, Torch with 4 battery-cells, Folding knife, Bottle of 1000 salt tablets, Sunglasses (for everyone), Plastic raincoat (large size), A book entitled 'Desert Animals That Can Be Eaten', Parachute (red & white), Overcoat (for everyone), 45 calibre pistol (loaded), 2 litres of 180 proof liquor] ",19
13,High_agree_1,"[2 litres of water per person, First-aid kit, Air map of the area, Magnetic compass, Torch with 4 battery-cells, Sunglasses (for everyone), Plastic raincoat (large size), 45 calibre pistol (loaded), Overcoat (for everyone), A book entitled 'Desert Animals That Can Be Eaten', Bottle of 1000 salt tablets, Parachute (red & white), 2 litres of 180 proof liquor, Cosmetic mirror] ranking_complete.","[2 litres of water per person, First-aid kit, Air map of the area, Magnetic compass, Folding knife, Sunglasses (for everyone), Plastic raincoat (large size), Overcoat (for everyone), 45 calibre pistol (loaded), Bottle of 1000 salt tablets, A book entitled 'Desert Animals That Can Be Eaten', Parachute (red & white), Torch with 4 battery-cells, 2 litres of 180 proof liquor, A cosmetic mirror] ranking_complete.","[2 litres of water per person, First-aid kit, Air map of the area, Magnetic compass, Torch with 4 battery-cells, Sunglasses (for everyone), Folding knife, Plastic raincoat (large size), A book entitled 'Desert Animals That Can Be Eaten', Overcoat (for everyone), 45 calibre pistol (loaded), 2 litres of 180 proof liquor, Parachute (red & white), Bottle of 1000 salt tablets, A cosmetic mirror] ranking_complete.","This is our final list: [2 litres of water per person, First-aid kit, Plastic raincoat (large size), Sunglasses (for everyone), Air map of the area, Magnetic compass, Folding knife, Bottle of 1000 salt tablets, Torch with 4 battery-cells, A book entitled 'Desert Animals That Can Be Eaten', Overcoat (for everyone), Cosmetic mirror, Parachute (red & white), 45 calibre pistol (loaded), 2 litres of 180 proof liquor] ",7
14,High_consc_1,"[2 litres of water per person, First-aid kit, Air map of the area, Magnetic compass, Folding knife, Torch with 4 battery-cells, Sunglasses (for everyone), Plastic raincoat (large size), Overcoat (for everyone), A book entitled 'Desert Animals That Can Be Eaten', 45 calibre pistol (loaded), 2 litres of 180 proof liquor, Parachute (red & white), Bottle of 1000 salt tablets, A cosmetic mirror] ranking_complete.","[2 litres of water per person, First-aid kit, Air map of the area, Sunglasses (for everyone), Magnetic compass, Bottle of 1000 salt tablets, Torch with 4 battery-cells, Folding knife, Overcoat (for everyone), A book entitled 'Desert Animals That Can Be Eaten', 45 calibre pistol (loaded), Plastic raincoat (large size), Parachute (red & white), 2 litres of 180 proof liquor, A cosmetic mirror] ranking_complete.","[2 litres of water per person, First-aid kit, Air map of the area, Magnetic compass, 45 calibre pistol (loaded), Folding knife, Torch with 4 battery-cells, Plastic raincoat (large size), Sunglasses (for everyone), A book entitled 'Desert Animals That Can Be Eaten', Overcoat (for everyone), 2 litres of 180 proof liquor, Parachute (red & white), Bottle of 1000 salt tablets, A cosmetic mirror] ranking_complete.","This is our final list: [2 litres of water per person, First-aid kit, Air map of the area, Magnetic compass, Torch with 4 battery-cells, Folding knife, Sunglasses (for everyone), A book entitled 'Desert Animals That Can Be Eaten', Bottle of 1000 salt tablets, Overcoat (for everyone), Plastic raincoat (large size), 45 calibre pistol (loaded), Parachute (red & white), 2 litres of 180 proof liquor, A cosmetic mirror] ",6
15,Low_neuro_1,"[2 litres of water per person, First-aid kit, Air map of the area, Magnetic compass, Torch with 4 battery-cells, Sunglasses (for everyone), Overcoat (for everyone), 45 calibre pistol (loaded), Plastic raincoat (large size), A book entitled 'Desert Animals That Can Be Eaten', Parachute (red & white), 2 litres of 180 proof liquor, Bottle of 1000 salt tablets, Cosmetic mirror, Folding knife] ranking_complete.","[2 litres of water per person, First-aid kit, Air map of the area, Magnetic compass, Torch with 4 battery-cells, Folding knife, Sunglasses (for everyone), Plastic raincoat (large size), Overcoat (for everyone), A book entitled 'Desert Animals That Can Be Eaten', 45 calibre pistol (loaded), 2 litres of 180 proof liquor, Parachute (red & white), Bottle of 1000 salt tablets, A cosmetic mirror] ranking_complete.","[2 litres of water per person, First-aid kit, Air map of the area, Magnetic compass, Torch with 4 battery-cells, Sunglasses (for everyone), Folding knife, A book entitled 'Desert Animals That Can Be Eaten', Plastic raincoat (large size), 45 calibre pistol (loaded), Overcoat (for everyone), 2 litres of 180 proof liquor, Parachute (red & white), Bottle of 1000 salt tablets, A cosmetic mirror] ranking_complete.","This is our final list: [2 litres of water per person, First-aid kit, Magnetic compass, Air map of the area, Plastic raincoat (large size), Sunglasses (for everyone), Book entitled 'Desert Animals That Can Be Eaten', Folding knife, Parachute (red & white), Overcoat (for everyone), Torch with 4 battery-cells, 45 calibre pistol (loaded), Bottle of 1000 salt tablets, 2 litres of 180 proof liquor, Cosmetic mirror] ",7
16,Low_extra_1,"[2 litres of water per person, First-aid kit, Air map of the area, Magnetic compass, Folding knife, Torch with 4 battery-cells, Sunglasses (for everyone), Plastic raincoat (large size), A book entitled 'Desert Animals That Can Be Eaten', 45 calibre pistol (loaded), Overcoat (for everyone), 2 litres of 180 proof liquor, Parachute (red & white), Bottle of 1000 salt tablets, Cosmetic mirror] ranking_complete.","[2 litres of water per person, First-aid kit, Air map of the area, Magnetic compass, Torch with 4 battery-cells, Sunglasses (for everyone), Overcoat (for everyone), Plastic raincoat (large size), Bottle of 1000 salt tablets, 45 calibre pistol (loaded), A book entitled 'Desert Animals That Can Be Eaten', Parachute (red & white), 2 litres of 180 proof liquor, Folding knife, A cosmetic mirror] ranking_complete.","[2 litres of water per person, First-aid kit, Air map of the area, Magnetic compass, Sunglasses (for everyone), Folding knife, Plastic raincoat (large size), 45 calibre pistol (loaded), A book entitled 'Desert Animals That Can Be Eaten', Overcoat (for everyone), Torch with 4 battery-cells, 2 litres of 180 proof liquor, Parachute (red & white), Bottle of 1000 salt tablets, Cosmetic mirror] ranking_complete.","This is our final list: [2 litres of water per person, First-aid kit, Air map of the area, Magnetic compass, Folding knife, Torch with 4 battery-cells, Plastic raincoat (large size), Sunglasses (for everyone), A book entitled 'Desert Animals That Can Be Eaten', Bottle of 1000 salt tablets, Overcoat (for everyone), Parachute (red & white), 45 calibre pistol (loaded), 2 litres of 180 proof liquor, Cosmetic mirror] ",6
17,Low_open_1,"[2 litres of water per person, First-aid kit, Air map of the area, Magnetic compass, Sunglasses (for everyone), Plastic raincoat (large size), Torch with 4 battery-cells, 45 calibre pistol (loaded), Bottle of 1000 salt tablets, Overcoat (for everyone), A book entitled 'Desert Animals That Can Be Eaten', Parachute (red & white), 2 litres of 180 proof liquor, Cosmetic mirror, Folding knife] ranking_complete.","[2 litres of water per person, First-aid kit, Air map of the area, Magnetic compass, Folding knife, Sunglasses (for everyone), Plastic raincoat (large size), 45 calibre pistol (loaded), A book entitled 'Desert Animals That Can Be Eaten', Overcoat (for everyone), Bottle of 1000 salt tablets, 2 litres of 180 proof liquor, Parachute (red & white), Torch with 4 battery-cells, Cosmetic mirror] ranking_complete.","[2 litres of water per person, First-aid kit, Air map of the area, Magnetic compass, Folding knife, Torch with 4 battery-cells, Sunglasses (for everyone), Plastic raincoat (large size), Overcoat (for everyone), Bottle of 1000 salt tablets, A book entitled 'Desert Animals That Can Be Eaten', 45 calibre pistol (loaded), 2 litres of 180 proof liquor, Parachute (red & white), A cosmetic mirror] ranking_complete.","This is our final list: [2 litres of water per person, First-aid kit, Air map of the area, Magnetic compass, Folding knife, Torch with 4 battery-cells, Plastic raincoat (large size), Sunglasses, Salt tablets, Book entitled 'Desert Animals That Can Be Eaten', 45 calibre pistol (loaded), Parachute (red & white), Overcoat (for everyone), Cosmetic mirror, 2 litres of 180 proof liquor] ",6
18,Low_agree_1,"[2 litres of water per person, First-aid kit, Air map of the area, Magnetic compass, Folding knife, Torch with 4 battery-cells, Sunglasses (for everyone), Overcoat (for everyone), Plastic raincoat (large size), A book entitled 'Desert Animals That Can Be Eaten', 45 calibre pistol (loaded), 2 litres of 180 proof liquor, Parachute (red & white), Bottle of 1000 salt tablets, A cosmetic mirror] ranking_complete.","[2 litres of water per person, First-aid kit, Sunglasses (for everyone), Air map of the area, Magnetic compass, Folding knife, Torch with 4 battery-cells, Overcoat (for everyone), Plastic raincoat (large size), A book entitled 'Desert Animals That Can Be Eaten', 45 calibre pistol (loaded), Parachute (red & white), 2 litres of 180 proof liquor, Bottle of 1000 salt tablets, A cosmetic mirror] ranking_complete.","[2 litres of water per person, First-aid kit, Air map of the area, Magnetic compass, Sunglasses (for everyone), Folding knife, Torch with 4 battery-cells, Overcoat (for everyone), Plastic raincoat (large size), A book entitled 'Desert Animals That Can Be Eaten', 45 calibre pistol (loaded), 2 litres of 180 proof liquor, Bottle of 1000 salt tablets, Parachute (red & white), A cosmetic mirror] ranking_complete.","This is our final list: [2 litres of water per person, First-aid kit, Air map of the area, Magnetic compass, Folding knife, Torch with 4 battery-cells, Sunglasses (for everyone), Plastic raincoat (large size), Bottle of 1000 salt tablets, A book entitled 'Desert Animals That Can Be Eaten', 45 calibre pistol (loaded), Parachute (red & white), Overcoat (for everyone), 2 litres of 180 proof liquor, A cosmetic mirror] ",7
19,Low_consc_1,"[2 litres of water per person, First-aid kit, Air map of the area, Folding knife, Magnetic compass, Torch with 4 battery-cells, Sunglasses (for everyone), Plastic raincoat (large size), 45 calibre pistol (loaded), A book entitled 'Desert Animals That Can Be Eaten', 2 litres of 180 proof liquor, Overcoat (for everyone), Parachute (red & white), Bottle of 1000 salt tablets, A cosmetic mirror] ranking_complete.","[2 litres of water per person, First-aid kit, Air map of the area, Magnetic compass, Torch with 4 battery-cells, Sunglasses (for everyone), Folding knife, Overcoat (for everyone), Plastic raincoat (large size), A book entitled 'Desert Animals That Can Be Eaten', 45 calibre pistol (loaded), 2 litres of 180 proof liquor, Parachute (red & white), Bottle of 1000 salt tablets, A cosmetic mirror] ranking_complete.","[2 litres of water per person, First-aid kit, Air map of the area, Magnetic compass, Torch with 4 battery-cells, Sunglasses (for everyone), Folding knife, Plastic raincoat (large size), A book entitled 'Desert Animals That Can Be Eaten', Overcoat (for everyone), 45 calibre pistol (loaded), 2 litres of 180 proof liquor, Parachute (red & white), Bottle of 1000 salt tablets, A cosmetic mirror] ranking_complete.","This is our final list: [2 litres of water per person, First-aid kit, Plastic raincoat (large size), Overcoat (for everyone), Magnetic compass, Torch with 4 battery-cells, Folding knife, 45 calibre pistol (loaded), Air map of the area, A book entitled 'Desert Animals That Can Be Eaten', Bottle of 1000 salt tablets, Sunglasses (for everyone), Parachute (red & white)] ",13
20,High_neuro_1,"[2 litres of water per person, First-aid kit, Air map of the area, Sunglasses (for everyone), Folding knife, Magnetic compass, Plastic raincoat (large size), 45 calibre pistol (loaded), A book entitled 'Desert Animals That Can Be Eaten', Overcoat (for everyone), Torch with 4 battery-cells, 2 litres of 180 proof liquor, Parachute (red & white), Bottle of 1000 salt tablets, A cosmetic mirror] ranking_complete.","[2 litres of water per person, First-aid kit, Air map of the area, Magnetic compass, Sunglasses (for everyone), Plastic raincoat (large size), 45 calibre pistol (loaded), Folding knife, A book entitled 'Desert Animals That Can Be Eaten', Overcoat (for everyone), Bottle of 1000 salt tablets, Torch with 4 battery-cells, 2 litres of 180 proof liquor, Parachute (red & white), A cosmetic mirror] ranking_complete.","[2 litres of water per person, First-aid kit, Air map of the area, Sunglasses (for everyone), Magnetic compass, Torch with 4 battery-cells, Folding knife, Plastic raincoat (large size), 45 calibre pistol (loaded), A book entitled 'Desert Animals That Can Be Eaten', Overcoat (for everyone), 2 litres of 180 proof liquor, Parachute (red & white), Bottle of 1000 salt tablets, A cosmetic mirror] ranking_complete.","This is our final list: [2 litres of water per person, Air map of the area, First-aid kit, Folding knife, Magnetic compass, Torch with 4 battery-cells, Plastic raincoat (large size), Sunglasses (for everyone), Overcoat (for everyone), A book entitled 'Desert Animals That Can Be Eaten', 45 calibre pistol (loaded), Parachute (red & white), Bottle of 1000 salt tablets, 2 litres of 180 proof liquor, A cosmetic mirror] ",6
21,High_extra_1,"[2 litres of water per person, First-aid kit, Magnetic compass, Air map of the area, Sunglasses (for everyone), Plastic raincoat (large size), Torch with 4 battery-cells, Folding knife, A book entitled 'Desert Animals That Can Be Eaten', 45 calibre pistol (loaded), 2 litres of 180 proof liquor, Overcoat (for everyone), Parachute (red & white), Bottle of 1000 salt tablets, A cosmetic mirror] ranking_complete.","[2 litres of water per person, First-aid kit, Air map of the area, Magnetic compass, Sunglasses (for everyone), Plastic raincoat (large size), Torch with 4 battery-cells, Folding knife, A book entitled 'Desert Animals That Can Be Eaten', 45 calibre pistol (loaded), Overcoat (for everyone), 2 litres of 180 proof liquor, Parachute (red & white), Bottle of 1000 salt tablets, A cosmetic mirror] ranking_complete.","[2 litres of water per person, First-aid kit, Air map of the area, Magnetic compass, Sunglasses (for everyone), Plastic raincoat (large size), Folding knife, 45 calibre pistol (loaded), A book entitled 'Desert Animals That Can Be Eaten', Overcoat (for everyone), Torch with 4 battery-cells, Cosmetic mirror, 2 litres of 180 proof liquor, Parachute (red & white), Bottle of 1000 salt tablets] ranking_complete.","This is our final list: [2 litres of water per person, First-aid kit, Air map of the area, Magnetic compass, Torch with 4 battery-cells, Folding knife, Sunglasses (for everyone), Plastic raincoat (large size), Bottle of 1000 salt tablets, A book entitled 'Desert Animals That Can Be Eaten', 45 calibre pistol (loaded), Cosmetic mirror, Overcoat (for everyone), Parachute (red & white)] ",11
22,High_open_1,"[2 litres of water per person, First-aid kit, Air map of the area, Sunglasses (for everyone), Magnetic compass, Folding knife, Plastic raincoat (large size), 45 calibre pistol (loaded), A book entitled 'Desert Animals That Can Be Eaten', Bottle of 1000 salt tablets, Overcoat (for everyone), Torch with 4 battery-cells, 2 litres of 180 proof liquor, Parachute (red & white), A cosmetic mirror] ranking_complete.","[2 litres of water per person, First-aid kit, Air map of the area, Folding knife, Magnetic compass, Torch with 4 battery-cells, Sunglasses (for everyone), Overcoat (for everyone), Plastic raincoat (large size), 45 calibre pistol (loaded), A book entitled 'Desert Animals That Can Be Eaten', 2 litres of 180 proof liquor, Parachute (red & white), Bottle of 1000 salt tablets, A cosmetic mirror] ranking_complete","[2 litres of water per person, First-aid kit, Air map of the area, Magnetic compass, 45 calibre pistol (loaded), Folding knife, Plastic raincoat (large size), Sunglasses (for everyone), A book entitled 'Desert Animals That Can Be Eaten', Overcoat (for everyone), 2 litres of 180 proof liquor, Torch with 4 battery-cells, Bottle of 1000 salt tablets, Parachute (red & white), A cosmetic mirror] ranking_complete.","This is our final list: [2 litres of water per person, First-aid kit, Air map of the area, Folding knife, Torch with 4 battery-cells, Magnetic compass, Plastic raincoat (large size), Sunglasses (for everyone), 45 calibre pistol (loaded), A book entitled 'Desert Animals That Can Be Eaten', Bottle of 1000 salt tablets, Parachute (red & white), Overcoat (for everyone), 2 litres of 180 proof liquor, A cosmetic mirror] ",10
23,High_agree_1,"[2 litres of water per person, First-aid kit, Air map of the area, Magnetic compass, Torch with 4 battery-cells, Sunglasses (for everyone), Plastic raincoat (large size), 45 calibre pistol (loaded), A book entitled 'Desert Animals That Can Be Eaten', Overcoat (for everyone), 2 litres of 180 proof liquor, Parachute (red & white), Bottle of 1000 salt tablets, Folding knife, A cosmetic mirror] ranking_complete.","[2 litres of water per person, First-aid kit, Air map of the area, Magnetic compass, Sunglasses (for everyone), Folding knife, Torch with 4 battery-cells, Plastic raincoat (large size), 45 calibre pistol (loaded), 2 litres of 180 proof liquor, Overcoat (for everyone), A book entitled 'Desert Animals That Can Be Eaten', Parachute (red & white), Bottle of 1000 salt tablets, A cosmetic mirror] ranking_complete.","[2 litres of water per person, First-aid kit, Magnetic compass, Air map of the area, Sunglasses (for everyone), Plastic raincoat (large size), Torch with 4 battery-cells, Overcoat (for everyone), A book entitled 'Desert Animals That Can Be Eaten', 45 calibre pistol (loaded), Parachute (red & white), Bottle of 1000 salt tablets, 2 litres of 180 proof liquor, Folding knife, A cosmetic mirror] ranking_complete.","This is our final list: [2 litres of water per person, First-aid kit, Air map of the area, Magnetic compass, Torch with 4 battery-cells, Sunglasses (for everyone), Plastic raincoat (large size), Folding knife, Bottle of 1000 salt tablets, Overcoat (for everyone), A book entitled 'Desert Animals That Can Be Eaten', Parachute (red & white), 45 calibre pistol (loaded), A cosmetic mirror, 2 litres of 180 proof liquor] ",6
24,High_consc_1,"[2 litres of water per person, First-aid kit, Air map of the area, Magnetic compass, Torch with 4 battery-cells, Sunglasses (for everyone), Plastic raincoat (large size), Overcoat (for everyone), A book entitled 'Desert Animals That Can Be Eaten', 45 calibre pistol (loaded), 2 litres of 180 proof liquor, Parachute (red & white), Bottle of 1000 salt tablets, Cosmetic mirror] ranking_complete.","[2 litres of water per person, First-aid kit, Air map of the area, Magnetic compass, Sunglasses (for everyone), Plastic raincoat (large size), Torch with 4 battery-cells, 45 calibre pistol (loaded), Folding knife, A book entitled 'Desert Animals That Can Be Eaten', Overcoat (for everyone), 2 litres of 180 proof liquor, Parachute (red & white), Bottle of 1000 salt tablets, A cosmetic mirror] ranking_complete.","[2 litres of water per person, First-aid kit, Air map of the area, Magnetic compass, Torch with 4 battery-cells, Sunglasses (for everyone), Plastic raincoat (large size), Overcoat (for everyone), A book entitled 'Desert Animals That Can Be Eaten', 45 calibre pistol (loaded), 2 litres of 180 proof liquor, Parachute (red & white), Bottle of 1000 salt tablets, Cosmetic mirror, Folding knife] ranking_complete.","This is our final list: [2 litres of water per person, First-aid kit, Air map of the area, Magnetic compass, Torch with 4 battery-cells, Folding knife, Plastic raincoat (large size), A book entitled 'Desert Animals That Can Be Eaten', Sunglasses (for everyone), 45 calibre pistol (loaded), Parachute (red & white), Cosmetic mirror, Overcoat (for everyone), 2 litres of 180 proof liquor] ",14
25,Low_neuro_1,"[2 litres of water per person, First-aid kit, Folding knife, Air map of the area, Magnetic compass, Torch with 4 battery-cells, Sunglasses (for everyone), Plastic raincoat (large size), Overcoat (for everyone), A book entitled 'Desert Animals That Can Be Eaten', 45 calibre pistol (loaded), 2 litres of 180 proof liquor, Parachute (red & white), Bottle of 1000 salt tablets, A cosmetic mirror] ranking_complete.","[2 litres of water per person, First-aid kit, Air map of the area, Magnetic compass, Folding knife, Plastic raincoat (large size), Sunglasses (for everyone), Torch with 4 battery-cells, 45 calibre pistol (loaded), A book entitled 'Desert Animals That Can Be Eaten', Overcoat (for everyone), 2 litres of 180 proof liquor, Bottle of 1000 salt tablets, Parachute (red & white), A cosmetic mirror] ranking_complete.","[2 litres of water per person, First-aid kit, Air map of the area, Sunglasses (for everyone), Folding knife, Magnetic compass, Plastic raincoat (large size), 45 calibre pistol (loaded), A book entitled 'Desert Animals That Can Be Eaten', Overcoat (for everyone), Torch with 4 battery-cells, 2 litres of 180 proof liquor, Parachute (red & white), Bottle of 1000 salt tablets, A cosmetic mirror] ranking_complete.","This is our final list: [2 litres of water per person, First-aid kit, Air map of the area, Magnetic compass, Folding knife, Torch with 4 battery-cells, A book entitled 'Desert Animals That Can Be Eaten', Plastic raincoat (large size), Overcoat (for everyone), 45 calibre pistol (loaded), Bottle of 1000 salt tablets, Parachute (red & white), Cosmetic mirror, 2 litres of 180 proof liquor] ",16
26,Low_extra_1,"[2 litres of water per person, First-aid kit, Air map of the area, Magnetic compass, Sunglasses (for everyone), Plastic raincoat (large size), Folding knife, Torch with 4 battery-cells, A book entitled 'Desert Animals That Can Be Eaten', 45 calibre pistol (loaded), 2 litres of 180 proof liquor, Overcoat (for everyone), Parachute (red & white), Bottle of 1000 salt tablets, A cosmetic mirror] ranking_complete.","[2 litres of water per person, First-aid kit, Air map of the area, Magnetic compass, Torch with 4 battery-cells, Folding knife, Sunglasses (for everyone), Plastic raincoat (large size), A book entitled 'Desert Animals That Can Be Eaten', 45 calibre pistol (loaded), 2 litres of 180 proof liquor, Overcoat (for everyone), Parachute (red & white), Bottle of 1000 salt tablets, A cosmetic mirror] ranking_complete.","[Bottle of 1000 salt tablets, 2 litres of water per person, First-aid kit, Air map of the area, Magnetic compass, Sunglasses (for everyone), Parachute (red & white), Torch with 4 battery-cells, 2 litres of 180 proof liquor, Folding knife, Overcoat (for everyone), A cosmetic mirror, 45 calibre pistol (loaded), Plastic raincoat (large size), A book entitled 'Desert Animals That Can Be Eaten'] ranking_complete.","This is our final list: [2 litres of water per person, First-aid kit, Air map of the area, Magnetic compass, Folding knife, Torch with 4 battery-cells, Sunglasses (for everyone), Plastic raincoat (large size), A book entitled 'Desert Animals That Can Be Eaten', Overcoat (for everyone), 2 litres of 180 proof liquor, Parachute (red & white), A cosmetic mirror, 45 calibre pistol (loaded), Bottle of 1000 salt tablets] ",8
27,Low_open_1,"[2 litres of water per person, First-aid kit, Air map of the area, Magnetic compass, Torch with 4 battery-cells, Sunglasses (for everyone), Folding knife, Plastic raincoat (large size), Overcoat (for everyone), A book entitled 'Desert Animals That Can Be Eaten', 45 calibre pistol (loaded), 2 litres of 180 proof liquor, Parachute (red & white), Bottle of 1000 salt tablets, A cosmetic mirror] ranking_complete.","[2 litres of water per person, First-aid kit, Air map of the area, Folding knife, Sunglasses (for everyone), Plastic raincoat (large size), Magnetic compass, Torch with 4 battery-cells, 45 calibre pistol (loaded), A book entitled 'Desert Animals That Can Be Eaten', Overcoat (for everyone), Bottle of 1000 salt tablets, 2 litres of 180 proof liquor, Parachute (red & white), A cosmetic mirror] ranking_complete.","[2 litres of water per person, First-aid kit, Air map of the area, Magnetic compass, Torch with 4 battery-cells, 45 calibre pistol (loaded), Folding knife, Plastic raincoat (large size), Sunglasses (for everyone), A book entitled 'Desert Animals That Can Be Eaten', Overcoat (for everyone), 2 litres of 180 proof liquor, Parachute (red & white), Bottle of 1000 salt tablets, A cosmetic mirror] ranking_complete.","This is our final list: [2 litres of water per person, First-aid kit, Air map of the area, Magnetic compass, Torch with 4 battery-cells, Sunglasses (for everyone), Folding knife, Plastic raincoat (large size), A book entitled 'Desert Animals That Can Be Eaten', 45 calibre pistol (loaded), Bottle of 1000 salt tablets, Parachute (red & white), A cosmetic mirror, 2 litres of 180 proof liquor] ",15
28,Low_agree_1,"[2 litres of water per person, First-aid kit, Air map of the area, Magnetic compass, Folding knife, 45 calibre pistol (loaded), Sunglasses (for everyone), Plastic raincoat (large size), Overcoat (for everyone), A book entitled 'Desert Animals That Can Be Eaten', Torch with 4 battery-cells, 2 litres of 180 proof liquor, Parachute (red & white), Bottle of 1000 salt tablets, A cosmetic mirror] ranking_complete.","[2 litres of water per person, First-aid kit, Magnetic compass, Air map of the area, Folding knife, Torch with 4 battery-cells, Sunglasses (for everyone), Overcoat (for everyone), A book entitled 'Desert Animals That Can Be Eaten', Plastic raincoat (large size), 45 calibre pistol (loaded), A cosmetic mirror, 2 litres of 180 proof liquor, Parachute (red & white), Bottle of 1000 salt tablets] ranking_complete.","[2 litres of water per person, First-aid kit, Air map of the area, Magnetic compass, Torch with 4 battery-cells, Sunglasses (for everyone), Folding knife, Plastic raincoat (large size), Overcoat (for everyone), 45 calibre pistol (loaded), A book entitled 'Desert Animals That Can Be Eaten', 2 litres of 180 proof liquor, Parachute (red & white), Bottle of 1000 salt tablets, A cosmetic mirror] ranking_complete.","This is our final list: [2 litres of water per person, First-aid kit, Air map of the area, Magnetic compass, Folding knife, Torch with 4 battery-cells, Sunglasses (for everyone), Plastic raincoat (large size), Overcoat (for everyone), A book entitled 'Desert Animals That Can Be Eaten', Parachute (red & white), 45 calibre pistol (loaded), Bottle of 1000 salt tablets, 2 litres of 180 proof liquor, A cosmetic mirror] ",6
29,Low_consc_1,"[2 litres of water per person, First-aid kit, Air map of the area, Magnetic compass, Sunglasses (for everyone), Plastic raincoat (large size), Folding knife, 45 calibre pistol (loaded), A book entitled 'Desert Animals That Can Be Eaten', Overcoat (for everyone), Torch with 4 battery-cells, 2 litres of 180 proof liquor, Parachute (red & white), Bottle of 1000 salt tablets, A cosmetic mirror] ranking_complete.","[2 litres of water per person, First-aid kit, Air map of the area, Magnetic compass, Sunglasses (for everyone), Folding knife, Torch with 4 battery-cells, Plastic raincoat (large size), A book entitled 'Desert Animals That Can Be Eaten', 45 calibre pistol (loaded), Overcoat (for everyone), 2 litres of 180 proof liquor, Parachute (red & white), Bottle of 1000 salt tablets, Cosmetic mirror] ranking_complete.","[2 litres of water per person, First-aid kit, Air map of the area, Magnetic compass, Folding knife, Sunglasses (for everyone), Plastic raincoat (large size), 45 calibre pistol (loaded), A book entitled 'Desert Animals That Can Be Eaten', Torch with 4 battery-cells, Overcoat (for everyone), 2 litres of 180 proof liquor, Parachute (red & white), Bottle of 1000 salt tablets, A cosmetic mirror] ranking_complete.","This is our final list: [2 litres of water per person, First-aid kit, Air map of the area, Magnetic compass, Folding knife, Torch with 4 battery-cells, Plastic raincoat (large size), Bottle of 1000 salt tablets, Sunglasses (for everyone), 45 calibre pistol (loaded), Cosmetic mirror, 2 litres of 180 proof liquor, Parachute (red & white)] ",14
30,High_neuro_1,"[2 litres of water per person, Plastic raincoat (large size), First-aid kit, Air map of the area, Magnetic compass, 45 calibre pistol (loaded), Sunglasses (for everyone), Overcoat (for everyone), A book entitled 'Desert Animals That Can Be Eaten', Torch with 4 battery-cells, Bottle of 1000 salt tablets, Parachute (red & white), 2 litres of 180 proof liquor, Folding knife, Cosmetic mirror] ranking_complete.","[2 litres of water per person, First-aid kit, Air map of the area, Magnetic compass, Folding knife, Torch with 4 battery-cells, Sunglasses (for everyone), Plastic raincoat (large size), Overcoat (for everyone), 45 calibre pistol (loaded), A book entitled 'Desert Animals That Can Be Eaten', 2 litres of 180 proof liquor, A cosmetic mirror, Parachute (red & white), Bottle of 1000 salt tablets] ranking_complete.","[2 litres of water per person, First-aid kit, Air map of the area, Magnetic compass, Torch with 4 battery-cells, Sunglasses (for everyone), Plastic raincoat (large size), Overcoat (for everyone), A book entitled 'Desert Animals That Can Be Eaten', 45 calibre pistol (loaded), 2 litres of 180 proof liquor, Parachute (red & white), Bottle of 1000 salt tablets, A cosmetic mirror] ranking_complete.","This is our final list: [2 litres of water per person, First-aid kit, Air map of the area, Magnetic compass, Torch with 4 battery-cells, Folding knife, Sunglasses (for everyone), Plastic raincoat (large size), Overcoat (for everyone), Bottle of 1000 salt tablets, A book entitled 'Desert Animals That Can Be Eaten', Parachute (red & white), 45 calibre pistol (loaded), 2 litres of 180 proof liquor, Cosmetic mirror] ",7
31,High_extra_1,"[2 litres of water per person, First-aid kit, Air map of the area, Magnetic compass, Folding knife, 45 calibre pistol (loaded), Sunglasses (for everyone), Plastic raincoat (large size), Overcoat (for everyone), A book entitled 'Desert Animals That Can Be Eaten', Bottle of 1000 salt tablets, Torch with 4 battery-cells, A cosmetic mirror, Parachute (red & white), 2 litres of 180 proof liquor] ranking_complete.","[2 litres of water per person, First-aid kit, Air map of the area, Magnetic compass, Sunglasses (for everyone), Bottle of 1000 salt tablets, Torch with 4 battery-cells, Folding knife, 45 calibre pistol (loaded), A book entitled 'Desert Animals That Can Be Eaten', Overcoat (for everyone), Plastic raincoat (large size), 2 litres of 180 proof liquor, Parachute (red & white), A cosmetic mirror] ranking_complete.","[2 litres of water per person, First-aid kit, Air map of the area, Magnetic compass, Sunglasses (for everyone), Folding knife, Torch with 4 battery-cells, Plastic raincoat (large size), A book entitled 'Desert Animals That Can Be Eaten', 45 calibre pistol (loaded), Overcoat (for everyone), Parachute (red & white), 2 litres of 180 proof liquor, Bottle of 1000 salt tablets, Cosmetic mirror] ranking_complete.","This is our final list: [2 litres of water per person, First-aid kit, Folding knife, Air map of the area, Magnetic compass, Plastic raincoat (large size), Torch with 4 battery-cells, A book entitled 'Desert Animals That Can Be Eaten', 45 calibre pistol (loaded), Bottle of 1000 salt tablets, Sunglasses (for everyone), Overcoat (for everyone), Parachute (red & white), Cosmetic mirror, 2 litres of 180 proof liquor] ",20
32,High_open_1,"[2 litres of water per person, First-aid kit, Air map of the area, Magnetic compass, 45 calibre pistol (loaded), Folding knife, Torch with 4 battery-cells, Sunglasses (for everyone), Plastic raincoat (large size), A book entitled 'Desert Animals That Can Be Eaten', Overcoat (for everyone), 2 litres of 180 proof liquor, Cosmetic mirror, Parachute (red & white), Bottle of 1000 salt tablets] ranking_complete.","[2 litres of water per person, First-aid kit, Air map of the area, Magnetic compass, Folding knife, 45 calibre pistol (loaded), Plastic raincoat (large size), Sunglasses (for everyone), A book entitled 'Desert Animals That Can Be Eaten', Overcoat (for everyone), 2 litres of 180 proof liquor, Torch with 4 battery-cells, Parachute (red & white), Bottle of 1000 salt tablets, A cosmetic mirror] ranking_complete.","[2 litres of water per person, First-aid kit, Air map of the area, Magnetic compass, Torch with 4 battery-cells, Folding knife, Sunglasses (for everyone), Plastic raincoat (large size), 45 calibre pistol (loaded), A book entitled 'Desert Animals That Can Be Eaten', Overcoat (for everyone), 2 litres of 180 proof liquor, Parachute (red & white), Bottle of 1000 salt tablets, A cosmetic mirror] ranking_complete.","This is our final list: [2 litres of water per person, First-aid kit, Magnetic compass, Torch with 4 battery-cells, Air map of the area, Folding knife, Plastic raincoat (large size), Sunglasses (for everyone), Bottle of 1000 salt tablets, A book entitled 'Desert Animals That Can Be Eaten', Cosmetic mirror, Parachute (red & white), Overcoat (for everyone), 45 calibre pistol (loaded), 2 litres of 180 proof liquor] ",8
33,High_agree_1,"[2 litres of water per person, First-aid kit, Air map of the area, Magnetic compass, Folding knife, Torch with 4 battery-cells, Sunglasses (for everyone), Plastic raincoat (large size), 45 calibre pistol (loaded), A book entitled 'Desert Animals That Can Be Eaten', Overcoat (for everyone), 2 litres of 180 proof liquor, Bottle of 1000 salt tablets, Parachute (red & white), A cosmetic mirror] ranking_complete.","[2 litres of water per person, First-aid kit, Magnetic compass, Air map of the area, Sunglasses (for everyone), Plastic raincoat (large size), Torch with 4 battery-cells, Folding knife, A book entitled 'Desert Animals That Can Be Eaten', Overcoat (for everyone), 45 calibre pistol (loaded), Parachute (red & white), A cosmetic mirror, 2 litres of 180 proof liquor, Bottle of 1000 salt tablets] ranking_complete.","[2 litres of water per person, First-aid kit, Air map of the area, Magnetic compass, Torch with 4 battery-cells, Sunglasses (for everyone), Folding knife, Plastic raincoat (large size), Overcoat (for everyone), A book entitled 'Desert Animals That Can Be Eaten', 45 calibre pistol (loaded), 2 litres of 180 proof liquor, Parachute (red & white), Bottle of 1000 salt tablets, A cosmetic mirror] ranking_complete.","This is our final list: [2 litres of water per person, First-aid kit, Torch with 4 battery-cells, Air map of the area, Folding knife, Plastic raincoat (large size), Magnetic compass, Sunglasses (for everyone), A cosmetic mirror, 45 calibre pistol (loaded), Bottle of 1000 salt tablets, Parachute (red & white), 2 litres of 180 proof liquor] ",21
34,High_consc_1,"[2 litres of water per person, First-aid kit, Air map of the area, Sunglasses (for everyone), Folding knife, Magnetic compass, Torch with 4 battery-cells, Plastic raincoat (large size), 45 calibre pistol (loaded), 2 litres of 180 proof liquor, A book entitled 'Desert Animals That Can Be Eaten', Overcoat (for everyone), Parachute (red & white), Cosmetic mirror, Bottle of 1000 salt tablets] ranking_complete.","[2 litres of water per person, First-aid kit, Air map of the area, Magnetic compass, Sunglasses (for everyone), Plastic raincoat (large size), Torch with 4 battery-cells, 45 calibre pistol (loaded), Overcoat (for everyone), A book entitled 'Desert Animals That Can Be Eaten', Bottle of 1000 salt tablets, Parachute (red & white), 2 litres of 180 proof liquor, Folding knife, A cosmetic mirror] ranking_complete.","[2 litres of water per person, First-aid kit, Air map of the area, Magnetic compass, Torch with 4 battery-cells, Sunglasses (for everyone), Overcoat (for everyone), Parachute (red & white), Bottle of 1000 salt tablets, Cosmetic mirror, 45 calibre pistol (loaded), Plastic raincoat (large size), 2 litres of 180 proof liquor, Folding knife, A book entitled 'Desert Animals That Can Be Eaten'] ranking_complete.","This is our final list: [2 litres of water per person, First-aid kit, Air map of the area, Magnetic compass, Torch with 4 battery-cells, Folding knife, Sunglasses (for everyone), Overcoat (for everyone), Plastic raincoat (large size), A book entitled 'Desert Animals That Can Be Eaten', Cosmetic mirror, Parachute (red & white), 2 litres of 180 proof liquor, 45 calibre pistol (loaded), Bottle of 1000 salt tablets] ",7
35,Low_neuro_1,"[2 litres of water per person, First-aid kit, Air map of the area, Folding knife, Sunglasses (for everyone), Magnetic compass, Torch with 4 battery-cells, Overcoat (for everyone), Plastic raincoat (large size), A book entitled 'Desert Animals That Can Be Eaten', 45 calibre pistol (loaded), 2 litres of 180 proof liquor, Bottle of 1000 salt tablets, Parachute (red & white), A cosmetic mirror] ranking_complete.","[2 litres of water per person, First-aid kit, Air map of the area, Magnetic compass, Sunglasses (for everyone), Folding knife, Plastic raincoat (large size), 45 calibre pistol (loaded), A book entitled 'Desert Animals That Can Be Eaten', Overcoat (for everyone), 2 litres of 180 proof liquor, Parachute (red & white), Torch with 4 battery-cells, Bottle of 1000 salt tablets, A cosmetic mirror] ranking_complete.","[2 litres of water per person, First-aid kit, Air map of the area, Magnetic compass, 45 calibre pistol (loaded), Torch with 4 battery-cells, Plastic raincoat (large size), Sunglasses (for everyone), Overcoat (for everyone), A book entitled 'Desert Animals That Can Be Eaten', Bottle of 1000 salt tablets, Parachute (red & white), A cosmetic mirror, 2 litres of 180 proof liquor, Folding knife] ranking_complete.","This is our final list: [2 litres of water per person, First-aid kit, Air map of the area, Folding knife, Magnetic compass, Sunglasses (for everyone), Plastic raincoat (large size), Torch with 4 battery-cells, 45 calibre pistol (loaded), Bottle of 1000 salt tablets, A book entitled 'Desert Animals That Can Be Eaten', Overcoat (for everyone), Parachute (red & white)] ",20
36,Low_extra_1,"[2 litres of water per person, First-aid kit, Air map of the area, Magnetic compass, Folding knife, Sunglasses (for everyone), Plastic raincoat (large size), Torch with 4 battery-cells, Overcoat (for everyone), A book entitled 'Desert Animals That Can Be Eaten', 45 calibre pistol (loaded), Bottle of 1000 salt tablets, Parachute (red & white), 2 litres of 180 proof liquor, A cosmetic mirror] ranking_complete.","[2 litres of water per person, First-aid kit, Sunglasses (for everyone), Air map of the area, Magnetic compass, Folding knife, Plastic raincoat (large size), 45 calibre pistol (loaded), A book entitled 'Desert Animals That Can Be Eaten', Overcoat (for everyone), 2 litres of 180 proof liquor, Parachute (red & white), Bottle of 1000 salt tablets, Torch with 4 battery-cells, A cosmetic mirror] ranking_complete.","[2 litres of water per person, First-aid kit, Air map of the area, Magnetic compass, Sunglasses (for everyone), Folding knife, Plastic raincoat (large size), 45 calibre pistol (loaded), A book entitled 'Desert Animals That Can Be Eaten', Overcoat (for everyone), Torch with 4 battery-cells, 2 litres of 180 proof liquor, Bottle of 1000 salt tablets, Parachute (red & white), A cosmetic mirror] ranking_complete.","This is our final list: [2 litres of water per person, First-aid kit, Sunglasses (for everyone), Magnetic compass, Air map of the area, Torch with 4 battery-cells, Folding knife, Bottle of 1000 salt tablets, 45 calibre pistol (loaded), Plastic raincoat (large size), Parachute (red & white), A book entitled 'Desert Animals That Can Be Eaten', Overcoat (for everyone), 2 litres of 180 proof liquor, A cosmetic mirror] ",7
37,Low_open_1,"[2 litres of water per person, First-aid kit, Air map of the area, Magnetic compass, Torch with 4 battery-cells, Folding knife, Sunglasses (for everyone), Plastic raincoat (large size), Overcoat (for everyone), 45 calibre pistol (loaded), A book entitled 'Desert Animals That Can Be Eaten', Cosmetic mirror, 2 litres of 180 proof liquor, Parachute (red & white), Bottle of 1000 salt tablets] ranking_complete.","[2 litres of water per person, First-aid kit, Air map of the area, Magnetic compass, Torch with 4 battery-cells, Sunglasses (for everyone), Folding knife, Plastic raincoat (large size), 45 calibre pistol (loaded), A book entitled 'Desert Animals That Can Be Eaten', Overcoat (for everyone), Cosmetic mirror, 2 litres of 180 proof liquor, Parachute (red & white), Bottle of 1000 salt tablets] ranking_complete.","[2 litres of water per person, First-aid kit, Air map of the area, Magnetic compass, Torch with 4 battery-cells, Plastic raincoat (large size), Sunglasses (for everyone), Folding knife, 45 calibre pistol (loaded), A book entitled 'Desert Animals That Can Be Eaten', Cosmetic mirror, 2 litres of 180 proof liquor, Overcoat (for everyone), Parachute (red & white), Bottle of 1000 salt tablets] ranking_complete.","This is our final list: [2 litres of water per person, First-aid kit, Air map of the area, Magnetic compass, Plastic raincoat (large size), Sunglasses (for everyone), Folding knife, Bottle of 1000 salt tablets, Torch with 4 battery-cells, A book entitled 'Desert Animals That Can Be Eaten', Overcoat (for everyone), Cosmetic mirror, 45 calibre pistol (loaded), 2 litres of 180 proof liquor, Parachute (red & white)] ",8
38,Low_agree_1,"[2 litres of water per person, First-aid kit, Air map of the area, Magnetic compass, Sunglasses (for everyone), Folding knife, Plastic raincoat (large size), Torch with 4 battery-cells, 45 calibre pistol (loaded), A book entitled 'Desert Animals That Can Be Eaten', Overcoat (for everyone), 2 litres of 180 proof liquor, Parachute (red & white), Bottle of 1000 salt tablets, A cosmetic mirror] ranking_complete.","[2 litres of water per person, First-aid kit, Air map of the area, Magnetic compass, 45 calibre pistol (loaded), Bottle of 1000 salt tablets, Sunglasses (for everyone), Plastic raincoat (large size), Folding knife, A book entitled 'Desert Animals That Can Be Eaten', Overcoat (for everyone), Torch with 4 battery-cells, A cosmetic mirror, Parachute (red & white), 2 litres of 180 proof liquor] ranking_complete.","[2 litres of water per person, First-aid kit, Air map of the area, Magnetic compass, Torch with 4 battery-cells, Plastic raincoat (large size), Sunglasses (for everyone), Overcoat (for everyone), Bottle of 1000 salt tablets, 45 calibre pistol (loaded), Parachute (red & white), A book entitled 'Desert Animals That Can Be Eaten', 2 litres of 180 proof liquor, Cosmetic mirror, Folding knife] ranking_complete.","This is our final list: [2 litres of water per person, First-aid kit, Air map of the area, Magnetic compass, Folding knife, Plastic raincoat (large size), Sunglasses (for everyone), Bottle of 1000 salt tablets, 45 calibre pistol (loaded), Torch with 4 battery-cells, A cosmetic mirror, Overcoat (for everyone), Parachute (red & white)] ",16
39,Low_consc_1,"[2 litres of water per person, First-aid kit, Air map of the area, Magnetic compass, 45 calibre pistol (loaded), Folding knife, Sunglasses (for everyone), Plastic raincoat (large size), A book entitled 'Desert Animals That Can Be Eaten', Overcoat (for everyone), Bottle of 1000 salt tablets, Torch with 4 battery-cells, 2 litres of 180 proof liquor, Parachute (red & white), A cosmetic mirror] ranking_complete.","[2 litres of water per person, First-aid kit, Air map of the area, Magnetic compass, Torch with 4 battery-cells, Sunglasses (for everyone), Folding knife, 45 calibre pistol (loaded), Plastic raincoat (large size), A book entitled 'Desert Animals That Can Be Eaten', Overcoat (for everyone), A cosmetic mirror, 2 litres of 180 proof liquor, Parachute (red & white), Bottle of 1000 salt tablets] ranking_complete.","[2 litres of water per person, First-aid kit, Air map of the area, Magnetic compass, Sunglasses (for everyone), Plastic raincoat (large size), Torch with 4 battery-cells, Overcoat (for everyone), A book entitled 'Desert Animals That Can Be Eaten', 45 calibre pistol (loaded), 2 litres of 180 proof liquor, Parachute (red & white), Bottle of 1000 salt tablets, Cosmetic mirror, Folding knife] ranking_complete.","This is our final list: [2 litres of water per person, First-aid kit, Torch with 4 battery-cells, Plastic raincoat, Magnetic compass, Folding knife, Book entitled 'Desert Animals That Can Be Eaten', 45 calibre pistol (loaded), Bottle of 1000 salt tablets, Cosmetic mirror, 2 litres of 180 proof liquor] ",26
40,High_neuro_1,"[2 litres of water per person, First-aid kit, Air map of the area, Magnetic compass, Folding knife, Torch with 4 battery-cells, Sunglasses (for everyone), Plastic raincoat (large size), Overcoat (for everyone), A book entitled 'Desert Animals That Can Be Eaten', 45 calibre pistol (loaded), 2 litres of 180 proof liquor, Parachute (red & white), Bottle of 1000 salt tablets, A cosmetic mirror] ranking_complete.","[2 litres of water per person, First-aid kit, Air map of the area, Magnetic compass, Sunglasses (for everyone), Plastic raincoat (large size), Folding knife, 45 calibre pistol (loaded), A book entitled 'Desert Animals That Can Be Eaten', Torch with 4 battery-cells, 2 litres of 180 proof liquor, Overcoat (for everyone), Parachute (red & white), Cosmetic mirror, Bottle of 1000 salt tablets] ranking_complete.","[2 litres of water per person, First-aid kit, Air map of the area, Magnetic compass, Folding knife, Sunglasses (for everyone), Plastic raincoat (large size), Torch with 4 battery-cells, 45 calibre pistol (loaded), A book entitled 'Desert Animals That Can Be Eaten', Overcoat (for everyone), 2 litres of 180 proof liquor, Parachute (red & white), Cosmetic mirror, Bottle of 1000 salt tablets] ranking_complete.","This is our final list: [2 litres of water per person, First-aid kit, Sunglasses (for everyone), Plastic raincoat (large size), Torch with 4 battery-cells, Air map of the area, Magnetic compass, Folding knife, Bottle of 1000 salt tablets, A book entitled 'Desert Animals That Can Be Eaten', Overcoat (for everyone), Parachute (red & white), 45 calibre pistol (loaded), 2 litres of 180 proof liquor, A cosmetic mirror] ",6
41,High_extra_1,"[2 litres of water per person, First-aid kit, Air map of the area, Magnetic compass, Torch with 4 battery-cells, Folding knife, Sunglasses (for everyone), 45 calibre pistol (loaded), Plastic raincoat (large size), A book entitled 'Desert Animals That Can Be Eaten', 2 litres of 180 proof liquor, Overcoat (for everyone), Parachute (red & white), Bottle of 1000 salt tablets, A cosmetic mirror] ranking_complete.","[2 litres of water per person, First-aid kit, Air map of the area, Magnetic compass, Torch with 4 battery-cells, Sunglasses (for everyone), Plastic raincoat (large size), Overcoat (for everyone), 45 calibre pistol (loaded), A book entitled 'Desert Animals That Can Be Eaten', Bottle of 1000 salt tablets, 2 litres of 180 proof liquor, Parachute (red & white), Cosmetic mirror, Folding knife] ranking_complete.","[2 litres of water per person, First-aid kit, Air map of the area, Magnetic compass, Torch with 4 battery-cells, Sunglasses (for everyone), Folding knife, Plastic raincoat (large size), A book entitled 'Desert Animals That Can Be Eaten', 45 calibre pistol (loaded), Overcoat (for everyone), 2 litres of 180 proof liquor, Parachute (red & white), Bottle of 1000 salt tablets, A cosmetic mirror] ranking_complete.","This is our final list: [2 litres of water per person, First-aid kit, Air map of the area, Magnetic compass, Torch with 4 battery-cells, Folding knife, Sunglasses (for everyone), Plastic raincoat (large size), Bottle of 1000 salt tablets, A book entitled 'Desert Animals That Can Be Eaten', Overcoat (for everyone), 45 calibre pistol (loaded), Parachute (red & white), 2 litres of 180 proof liquor, A cosmetic mirror] ",6
42,High_open_1,"[2 litres of water per person, First-aid kit, Air map of the area, Magnetic compass, Torch with 4 battery-cells, Folding knife, Bottle of 1000 salt tablets, Sunglasses (for everyone), Plastic raincoat (large size), Overcoat (for everyone), 45 calibre pistol (loaded), 2 litres of 180 proof liquor, Parachute (red & white), A book entitled 'Desert Animals That Can Be Eaten', A cosmetic mirror] ranking_complete.","[2 litres of water per person, First-aid kit, Air map of the area, Magnetic compass, Sunglasses (for everyone), Torch with 4 battery-cells, Folding knife, Plastic raincoat (large size), 45 calibre pistol (loaded), Bottle of 1000 salt tablets, A book entitled 'Desert Animals That Can Be Eaten', Overcoat (for everyone), 2 litres of 180 proof liquor, Parachute (red & white), A cosmetic mirror] ranking_complete.","[First-aid kit, 2 litres of water per person, Air map of the area, Magnetic compass, Torch with 4 battery-cells, Sunglasses (for everyone), Folding knife, Overcoat (for everyone), A book entitled 'Desert Animals That Can Be Eaten', Plastic raincoat (large size), 45 calibre pistol (loaded), 2 litres of 180 proof liquor, Parachute (red & white), Bottle of 1000 salt tablets, A cosmetic mirror] ranking_complete.","This is our final list: [2 litres of water per person, First-aid kit, Air map of the area, Magnetic compass, Folding knife, Sunglasses (for everyone), Overcoat (for everyone), Plastic raincoat (large size), Torch with 4 battery-cells, A book entitled 'Desert Animals That Can Be Eaten', 2 litres of 180 proof liquor, Parachute (red & white), Bottle of 1000 salt tablets, 45 calibre pistol (loaded), A cosmetic mirror] ",6
43,High_agree_1,"[2 litres of water per person, First-aid kit, Air map of the area, Magnetic compass, Torch with 4 battery-cells, Folding knife, Sunglasses (for everyone), 45 calibre pistol (loaded), Plastic raincoat (large size), A book entitled 'Desert Animals That Can Be Eaten', Overcoat (for everyone), 2 litres of 180 proof liquor, Parachute (red & white), Bottle of 1000 salt tablets, A cosmetic mirror] ranking_complete.","""[2 litres of water per person, First-aid kit, Air map of the area, Magnetic compass, Torch with 4 battery-cells, Sunglasses (for everyone), Overcoat (for everyone), Plastic raincoat (large size), 45 calibre pistol (loaded), A book entitled 'Desert Animals That Can Be Eaten', 2 litres of 180 proof liquor, Parachute (red & white), Bottle of 1000 salt tablets, Folding knife, A cosmetic mirror]"" ranking_complete.","[2 litres of water per person, First-aid kit, Air map of the area, Magnetic compass, Torch with 4 battery-cells, Folding knife, Sunglasses (for everyone), Overcoat (for everyone), A book entitled 'Desert Animals That Can Be Eaten', Plastic raincoat (large size), 45 calibre pistol (loaded), 2 litres of 180 proof liquor, Parachute (red & white), Bottle of 1000 salt tablets, A cosmetic mirror] ranking_complete.","This is our final list: [2 litres of water per person, Air map of the area, Magnetic compass, First-aid kit, Folding knife, Torch with 4 battery-cells, Plastic raincoat (large size), Sunglasses (for everyone), A book entitled 'Desert Animals That Can Be Eaten', Overcoat (for everyone), 2 litres of 180 proof liquor, 45 calibre pistol (loaded), Bottle of 1000 salt tablets, Parachute (red & white), A cosmetic mirror] ",5
44,High_consc_1,"[2 litres of water per person, First-aid kit, Air map of the area, Magnetic compass, Torch with 4 battery-cells, Sunglasses (for everyone), Folding knife, Plastic raincoat (large size), A book entitled 'Desert Animals That Can Be Eaten', 45 calibre pistol (loaded), 2 litres of 180 proof liquor, Overcoat (for everyone), Parachute (red & white), Bottle of 1000 salt tablets, A cosmetic mirror] ranking_complete.","[2 litres of water per person, First-aid kit, Air map of the area, Magnetic compass, Sunglasses (for everyone), Plastic raincoat (large size), 45 calibre pistol (loaded), Torch with 4 battery-cells, Overcoat (for everyone), A book entitled 'Desert Animals That Can Be Eaten', Bottle of 1000 salt tablets, Parachute (red & white), 2 litres of 180 proof liquor, Cosmetic mirror, Folding knife] ranking_complete.","[2 litres of water per person, First-aid kit, Plastic raincoat (large size), Sunglasses (for everyone), Air map of the area, Magnetic compass, Torch with 4 battery-cells, 45 calibre pistol (loaded), A book entitled 'Desert Animals That Can Be Eaten', Overcoat (for everyone), 2 litres of 180 proof liquor, Bottle of 1000 salt tablets, Parachute (red & white), Cosmetic mirror, Folding knife] ranking_complete.",,30
45,Low_neuro_1,"[2 litres of water per person, First-aid kit, Air map of the area, Folding knife, Sunglasses (for everyone), Magnetic compass, Plastic raincoat (large size), Torch with 4 battery-cells, 45 calibre pistol (loaded), A book entitled 'Desert Animals That Can Be Eaten', Overcoat (for everyone), Parachute (red & white), 2 litres of 180 proof liquor, Bottle of 1000 salt tablets, A cosmetic mirror] ranking_complete.","[2 litres of water per person, First-aid kit, Air map of the area, Magnetic compass, Torch with 4 battery-cells, Folding knife, Sunglasses (for everyone), Plastic raincoat (large size), A book entitled 'Desert Animals That Can Be Eaten', Overcoat (for everyone), 45 calibre pistol (loaded), 2 litres of 180 proof liquor, Parachute (red & white), Bottle of 1000 salt tablets, A cosmetic mirror] ranking_complete.","[2 litres of water per person, First-aid kit, Air map of the area, Magnetic compass, Torch with 4 battery-cells, Folding knife, Sunglasses (for everyone), Plastic raincoat (large size), A book entitled 'Desert Animals That Can Be Eaten', 45 calibre pistol (loaded), 2 litres of 180 proof liquor, Overcoat (for everyone), Parachute (red & white), Cosmetic mirror, Bottle of 1000 salt tablets] ranking_complete.","This is our final list: [2 litres of water per person, Sunglasses (for everyone), Plastic raincoat (large size), Air map of the area, Magnetic compass, First-aid kit, Cosmetic mirror, Torch with 4 battery-cells, Folding knife, A book entitled 'Desert Animals That Can Be Eaten', Overcoat (for everyone), Parachute (red & white), 45 calibre pistol (loaded), 2 litres of 180 proof liquor, Bottle of 1000 salt tablets] ",8
46,Low_extra_1,"[2 litres of water per person, First-aid kit, Air map of the area, Magnetic compass, Torch with 4 battery-cells, Sunglasses (for everyone), Folding knife, Plastic raincoat (large size), Overcoat (for everyone), A book entitled 'Desert Animals That Can Be Eaten', 45 calibre pistol (loaded), 2 litres of 180 proof liquor, Parachute (red & white), Bottle of 1000 salt tablets, A cosmetic mirror] ranking_complete.","[2 litres of water per person, First-aid kit, Air map of the area, Magnetic compass, Folding knife, Torch with 4 battery-cells, Sunglasses (for everyone), Plastic raincoat (large size), A book entitled 'Desert Animals That Can Be Eaten', Overcoat (for everyone), 45 calibre pistol (loaded), 2 litres of 180 proof liquor, Parachute (red & white), Bottle of 1000 salt tablets, A cosmetic mirror] ranking_complete.","[2 litres of water per person, First-aid kit, Air map of the area, Magnetic compass, Sunglasses (for everyone), Torch with 4 battery-cells, Folding knife, Overcoat (for everyone), Parachute (red & white), A book entitled 'Desert Animals That Can Be Eaten', 2 litres of 180 proof liquor, Plastic raincoat (large size), A cosmetic mirror, 45 calibre pistol (loaded), Bottle of 1000 salt tablets] ranking_complete.","This is our final list: [2 litres of water per person, First-aid kit, Air map of the area, Magnetic compass, Torch with 4 battery-cells, Folding knife, Sunglasses (for everyone), Plastic raincoat (large size), Book entitled Desert Animals That Can Be Eaten, Bottle of 1000 salt tablets, 45 calibre pistol (loaded), Cosmetic mirror, 2 litres of 180 proof liquor, Parachute (red & white)] ",13
47,Low_open_1,"[2 litres of water per person, First-aid kit, Air map of the area, Magnetic compass, Sunglasses (for everyone), Torch with 4 battery-cells, Plastic raincoat (large size), Overcoat (for everyone), A book entitled 'Desert Animals That Can Be Eaten', 45 calibre pistol (loaded), Parachute (red & white), 2 litres of 180 proof liquor, Bottle of 1000 salt tablets, Folding knife, A cosmetic mirror] ranking_complete.","[2 litres of water per person, First-aid kit, Air map of the area, Sunglasses (for everyone), Folding knife, Magnetic compass, Torch with 4 battery-cells, Plastic raincoat (large size), A book entitled 'Desert Animals That Can Be Eaten', 45 calibre pistol (loaded), Overcoat (for everyone), 2 litres of 180 proof liquor, Parachute (red & white), Bottle of 1000 salt tablets, A cosmetic mirror] ranking_complete.","[2 litres of water per person, First-aid kit, Air map of the area, Magnetic compass, Sunglasses (for everyone), Folding knife, Plastic raincoat (large size), 45 calibre pistol (loaded), A book entitled 'Desert Animals That Can Be Eaten', Torch with 4 battery-cells, Overcoat (for everyone), Bottle of 1000 salt tablets, 2 litres of 180 proof liquor, Parachute (red & white), A cosmetic mirror] ranking_complete.","This is our final list: [2 litres of water per person, First-aid kit, Air map of the area, Magnetic compass, Sunglasses (for everyone), Plastic raincoat (large size), Folding knife, Torch with 4 battery-cells, A book entitled 'Desert Animals That Can Be Eaten', 45 calibre pistol (loaded), Parachute (red & white), Bottle of 1000 salt tablets, Overcoat (for everyone), 2 litres of 180 proof liquor, A cosmetic mirror] ",6
48,Low_agree_1,"[2 litres of water per person, First-aid kit, Sunglasses (for everyone), Air map of the area, Magnetic compass, Folding knife, Plastic raincoat (large size), 45 calibre pistol (loaded), A book entitled 'Desert Animals That Can Be Eaten', Overcoat (for everyone), Bottle of 1000 salt tablets, 2 litres of 180 proof liquor, Parachute (red & white), Torch with 4 battery-cells, A cosmetic mirror] ranking_complete.","[2 litres of water per person, First-aid kit, Air map of the area, Magnetic compass, Torch with 4 battery-cells, Sunglasses (for everyone), Plastic raincoat (large size), Overcoat (for everyone), A book entitled 'Desert Animals That Can Be Eaten', 45 calibre pistol (loaded), 2 litres of 180 proof liquor, Bottle of 1000 salt tablets, Parachute (red & white), Folding knife, A cosmetic mirror] ranking_complete.","[2 litres of water per person, First-aid kit, Air map of the area, Magnetic compass, Sunglasses (for everyone), Folding knife, 45 calibre pistol (loaded), Plastic raincoat (large size), A book entitled 'Desert Animals That Can Be Eaten', Overcoat (for everyone), Torch with 4 battery-cells, 2 litres of 180 proof liquor, Parachute (red & white), Bottle of 1000 salt tablets, A cosmetic mirror] ranking_complete.","This is our final list: [2 litres of water per person, First-aid kit, Folding knife, Air map of the area, Magnetic compass, Plastic raincoat (large size), Sunglasses (for everyone), Torch with 4 battery-cells, A book entitled 'Desert Animals That Can Be Eaten', Overcoat (for everyone), Bottle of 1000 salt tablets, 45 calibre pistol (loaded), Parachute (red & white), 2 litres of 180 proof liquor] ",16
49,Low_consc_1,"[2 litres of water per person, First-aid kit, Air map of the area, Magnetic compass, Folding knife, Sunglasses (for everyone), Plastic raincoat (large size), Torch with 4 battery-cells, A book entitled 'Desert Animals That Can Be Eaten', Overcoat (for everyone), 45 calibre pistol (loaded), 2 litres of 180 proof liquor, Bottle of 1000 salt tablets, Parachute (red & white), A cosmetic mirror] ranking_complete.","[2 litres of water per person, First-aid kit, Air map of the area, Magnetic compass, Torch with 4 battery-cells, Folding knife, Sunglasses (for everyone), Plastic raincoat (large size), Overcoat (for everyone), A book entitled 'Desert Animals That Can Be Eaten', 45 calibre pistol (loaded), 2 litres of 180 proof liquor, Parachute (red & white), Bottle of 1000 salt tablets, A cosmetic mirror] ranking_complete.","[2 litres of water per person, First-aid kit, Air map of the area, Magnetic compass, 45 calibre pistol (loaded), Sunglasses (for everyone), Plastic raincoat (large size), Overcoat (for everyone), Torch with 4 battery-cells, A book entitled 'Desert Animals That Can Be Eaten', 2 litres of 180 proof liquor, Parachute (red & white), Bottle of 1000 salt tablets, Folding knife, Cosmetic mirror] ranking_complete.","This is our final list: [2 litres of water per person, Air map of the area, First-aid kit, Magnetic compass, Torch with 4 battery-cells, Folding knife, Plastic raincoat (large size), Sunglasses (for everyone), A book entitled 'Desert Animals That Can Be Eaten', 45 calibre pistol (loaded), Bottle of 1000 salt tablets, Parachute (red & white), Cosmetic mirror] ",14
50,High_neuro_1,"[2 litres of water per person, First-aid kit, Air map of the area, Magnetic compass, Torch with 4 battery-cells, Sunglasses (for everyone), Overcoat (for everyone), Plastic raincoat (large size), A book entitled 'Desert Animals That Can Be Eaten', 45 calibre pistol (loaded), Cosmetic mirror, Bottle of 1000 salt tablets, Parachute (red & white), 2 litres of 180 proof liquor, Folding knife, A cosmetic mirror] ranking_complete.","[2 litres of water per person, First-aid kit, Air map of the area, Magnetic compass, Folding knife, Torch with 4 battery-cells, 45 calibre pistol (loaded), Sunglasses (for everyone), Plastic raincoat (large size), Overcoat (for everyone), A book entitled 'Desert Animals That Can Be Eaten', Parachute (red & white), 2 litres of 180 proof liquor, Bottle of 1000 salt tablets, A cosmetic mirror] ranking_complete.","[2 litres of water per person, First-aid kit, Air map of the area, Magnetic compass, Sunglasses (for everyone), Plastic raincoat (large size), Torch with 4 battery-cells, Overcoat (for everyone), 45 calibre pistol (loaded), A book entitled 'Desert Animals That Can Be Eaten', 2 litres of 180 proof liquor, Parachute (red & white), Bottle of 1000 salt tablets, Folding knife, A cosmetic mirror] ranking_complete.","This is our final list: [2 litres of water per person, First-aid kit, Air map of the area, Folding knife, Magnetic compass, Sunglasses (for everyone), Plastic raincoat (large size), Torch with 4 battery-cells, Bottle of 1000 salt tablets, A book entitled 'Desert Animals That Can Be Eaten', 45 calibre pistol (loaded), Parachute (red & white), Overcoat (for everyone), 2 litres of 180 proof liquor, A cosmetic mirror] ",5
